1707951251.179683;b'\x00\x1f\x04 \xeb\x00\x00\x005\x00\x00\x001\x00\x00\x00Mu\x01\x03z\x00\xc4\x00\x1d\x00\x00\x00\x00#\x02\x88\x9aB\x03\xd0C\x88\x040\x91B\xf7\xd1\x18\x1cpG0\xbf\xfd\xe7\xf4F\x00\xf0\x05\xf8\xa7H\x00!\x01`A`\xe7F\xa5H\x00!\xc9C\x01`A`pG\xca\x9b\r[\xf9\x1d\x00\x00(C) 2020 Raspberry Pi Trading Ltd\x00P3\t\x03R3-\x03L3W\x03T3\x8f\x03MS\xb9&S4\xad&MC\x1d&C4\x05&UB\x91%DT\xa9\x01DE\xaf\x01WVE\x01IF\x91$EX\xe5#REm#RP\xb5#FCQ#CX!#\x00\x00GRP\x00';
1707951251.2422557;b'\x00\x1f\x04 \xeb\x00\x00\x005\x00\x00\x001\x00\x00\x00Mu\x01\x03z\x00\xc4\x00\x1d\x00\x00\x00\x00#\x02\x88\x9aB\x03\xd0C\x88\x040\x91B\xf7\xd1\x18\x1cpG0\xbf\xfd\xe7\xf4F\x00\xf0\x05\xf8\xa7H\x00!\x01`A`\xe7F\xa5H\x00!\xc9C\x01`A`pG\xca\x9b\r[\xf9\x1d\x00\x00(C) 2020 Raspberry Pi Trading Ltd\x00P3\t\x03R3-\x03L3W\x03T3\x8f\x03MS\xb9&S4\xad&MC\x1d&C4\x05&UB\x91%DT\xa9\x01DE\xaf\x01WVE\x01IF\x91$EX\xe5#REm#RP\xb5#FCQ#CX!#\x00\x00GRP\x00';
1707951251.3117838;b'\x00\x1f\x04 \xeb\x00\x00\x005\x00\x00\x001\x00\x00\x00Mu\x01\x03z\x00\xc4\x00\x1d\x00\x00\x00\x00#\x02\x88\x9aB\x03\xd0C\x88\x040\x91B\xf7\xd1\x18\x1cpG0\xbf\xfd\xe7\xf4F\x00\xf0\x05\xf8\xa7H\x00!\x01`A`\xe7F\xa5H\x00!\xc9C\x01`A`pG\xca\x9b\r[\xf9\x1d\x00\x00(C) 2020 Raspberry Pi Trading Ltd\x00P3\t\x03R3-\x03L3W\x03T3\x8f\x03MS\xb9&S4\xad&MC\x1d&C4\x05&UB\x91%DT\xa9\x01DE\xaf\x01WVE\x01IF\x91$EX\xe5#REm#RP\xb5#FCQ#CX!#\x00\x00GRP\x00';
1707951251.3664558;b'\x00\x1f\x04 \xeb\x00\x00\x005\x00\x00\x001\x00\x00\x00Mu\x01\x03z\x00\xc4\x00\x1d\x00\x00\x00\x00#\x02\x88\x9aB\x03\xd0C\x88\x040\x91B\xf7\xd1\x18\x1cpG0\xbf\xfd\xe7\xf4F\x00\xf0\x05\xf8\xa7H\x00!\x01`A`\xe7F\xa5H\x00!\xc9C\x01`A`pG\xca\x9b\r[\xf9\x1d\x00\x00(C) 2020 Raspberry Pi Trading Ltd\x00P3\t\x03R3-\x03L3W\x03T3\x8f\x03MS\xb9&S4\xad&MC\x1d&C4\x05&UB\x91%DT\xa9\x01DE\xaf\x01WVE\x01IF\x91$EX\xe5#REm#RP\xb5#FCQ#CX!#\x00\x00GRP\x00';
1707951251.428214;b'\x00\x1f\x04 \xeb\x00\x00\x005\x00\x00\x001\x00\x00\x00Mu\x01\x03z\x00\xc4\x00\x1d\x00\x00\x00\x00#\x02\x88\x9aB\x03\xd0C\x88\x040\x91B\xf7\xd1\x18\x1cpG0\xbf\xfd\xe7\xf4F\x00\xf0\x05\xf8\xa7H\x00!\x01`A`\xe7F\xa5H\x00!\xc9C\x01`A`pG\xca\x9b\r[\xf9\x1d\x00\x00(C) 2020 Raspberry Pi Trading Ltd\x00P3\t\x03R3-\x03L3W\x03T3\x8f\x03MS\xb9&S4\xad&MC\x1d&C4\x05&UB\x91%DT\xa9\x01DE\xaf\x01WVE\x01IF\x91$EX\xe5#REm#RP\xb5#FCQ#CX!#\x00\x00GRP\x00';
1707951251.4960837;b'\x00\x1f\x04 \xeb\x00\x00\x005\x00\x00\x001\x00\x00\x00Mu\x01\x03z\x00\xc4\x00\x1d\x00\x00\x00\x00#\x02\x88\x9aB\x03\xd0C\x88\x040\x91B\xf7\xd1\x18\x1cpG0\xbf\xfd\xe7\xf4F\x00\xf0\x05\xf8\xa7H\x00!\x01`A`\xe7F\xa5H\x00!\xc9C\x01`A`pG\xca\x9b\r[\xf9\x1d\x00\x00(C) 2020 Raspberry Pi Trading Ltd\x00P3\t\x03R3-\x03L3W\x03T3\x8f\x03MS\xb9&S4\xad&MC\x1d&C4\x05&UB\x91%DT\xa9\x01DE\xaf\x01WVE\x01IF\x91$EX\xe5#REm#RP\xb5#FCQ#CX!#\x00\x00GRP\x00';
1707951251.5503852;b'\x00\x1f\x04 \xeb\x00\x00\x005\x00\x00\x001\x00\x00\x00Mu\x01\x03z\x00\xc4\x00\x1d\x00\x00\x00\x00#\x02\x88\x9aB\x03\xd0C\x88\x040\x91B\xf7\xd1\x18\x1cpG0\xbf\xfd\xe7\xf4F\x00\xf0\x05\xf8\xa7H\x00!\x01`A`\xe7F\xa5H\x00!\xc9C\x01`A`pG\xca\x9b\r[\xf9\x1d\x00\x00(C) 2020 Raspberry Pi Trading Ltd\x00P3\t\x03R3-\x03L3W\x03T3\x8f\x03MS\xb9&S4\xad&MC\x1d&C4\x05&UB\x91%DT\xa9\x01DE\xaf\x01WVE\x01IF\x91$EX\xe5#REm#RP\xb5#FCQ#CX!#\x00\x00GRP\x00';
1707951251.6129222;b'\x00\x1f\x04 \xeb\x00\x00\x005\x00\x00\x001\x00\x00\x00Mu\x01\x03z\x00\xc4\x00\x1d\x00\x00\x00\x00#\x02\x88\x9aB\x03\xd0C\x88\x040\x91B\xf7\xd1\x18\x1cpG0\xbf\xfd\xe7\xf4F\x00\xf0\x05\xf8\xa7H\x00!\x01`A`\xe7F\xa5H\x00!\xc9C\x01`A`pG\xca\x9b\r[\xf9\x1d\x00\x00(C) 2020 Raspberry Pi Trading Ltd\x00P3\t\x03R3-\x03L3W\x03T3\x8f\x03MS\xb9&S4\xad&MC\x1d&C4\x05&UB\x91%DT\xa9\x01DE\xaf\x01WVE\x01IF\x91$EX\xe5#REm#RP\xb5#FCQ#CX!#\x00\x00GRP\x00';
1707951251.672725;b'\x00\x1f\x04 \xeb\x00\x00\x005\x00\x00\x001\x00\x00\x00Mu\x01\x03z\x00\xc4\x00\x1d\x00\x00\x00\x00#\x02\x88\x9aB\x03\xd0C\x88\x040\x91B\xf7\xd1\x18\x1cpG0\xbf\xfd\xe7\xf4F\x00\xf0\x05\xf8\xa7H\x00!\x01`A`\xe7F\xa5H\x00!\xc9C\x01`A`pG\xca\x9b\r[\xf9\x1d\x00\x00(C) 2020 Raspberry Pi Trading Ltd\x00P3\t\x03R3-\x03L3W\x03T3\x8f\x03MS\xb9&S4\xad&MC\x1d&C4\x05&UB\x91%DT\xa9\x01DE\xaf\x01WVE\x01IF\x91$EX\xe5#REm#RP\xb5#FCQ#CX!#\x00\x00GRP\x00';
1707951251.7347965;b'\x00\x1f\x04 \xeb\x00\x00\x005\x00\x00\x001\x00\x00\x00Mu\x01\x03z\x00\xc4\x00\x1d\x00\x00\x00\x00#\x02\x88\x9aB\x03\xd0C\x88\x040\x91B\xf7\xd1\x18\x1cpG0\xbf\xfd\xe7\xf4F\x00\xf0\x05\xf8\xa7H\x00!\x01`A`\xe7F\xa5H\x00!\xc9C\x01`A`pG\xca\x9b\r[\xf9\x1d\x00\x00(C) 2020 Raspberry Pi Trading Ltd\x00P3\t\x03R3-\x03L3W\x03T3\x8f\x03MS\xb9&S4\xad&MC\x1d&C4\x05&UB\x91%DT\xa9\x01DE\xaf\x01WVE\x01IF\x91$EX\xe5#REm#RP\xb5#FCQ#CX!#\x00\x00GRP\x00';
1707951251.8001482;b'\x00\x1f\x04 \xeb\x00\x00\x005\x00\x00\x001\x00\x00\x00Mu\x01\x03z\x00\xc4\x00\x1d\x00\x00\x00\x00#\x02\x88\x9aB\x03\xd0C\x88\x040\x91B\xf7\xd1\x18\x1cpG0\xbf\xfd\xe7\xf4F\x00\xf0\x05\xf8\xa7H\x00!\x01`A`\xe7F\xa5H\x00!\xc9C\x01`A`pG\xca\x9b\r[\xf9\x1d\x00\x00(C) 2020 Raspberry Pi Trading Ltd\x00P3\t\x03R3-\x03L3W\x03T3\x8f\x03MS\xb9&S4\xad&MC\x1d&C4\x05&UB\x91%DT\xa9\x01DE\xaf\x01WVE\x01IF\x91$EX\xe5#REm#RP\xb5#FCQ#CX!#\x00\x00GRP\x00';
1707951251.8582642;b'\x00\x1f\x04 \xeb\x00\x00\x005\x00\x00\x001\x00\x00\x00Mu\x01\x03z\x00\xc4\x00\x1d\x00\x00\x00\x00#\x02\x88\x9aB\x03\xd0C\x88\x040\x91B\xf7\xd1\x18\x1cpG0\xbf\xfd\xe7\xf4F\x00\xf0\x05\xf8\xa7H\x00!\x01`A`\xe7F\xa5H\x00!\xc9C\x01`A`pG\xca\x9b\r[\xf9\x1d\x00\x00(C) 2020 Raspberry Pi Trading Ltd\x00P3\t\x03R3-\x03L3W\x03T3\x8f\x03MS\xb9&S4\xad&MC\x1d&C4\x05&UB\x91%DT\xa9\x01DE\xaf\x01WVE\x01IF\x91$EX\xe5#REm#RP\xb5#FCQ#CX!#\x00\x00GRP\x00';
1707951251.918828;b'\x00\x1f\x04 \xeb\x00\x00\x005\x00\x00\x001\x00\x00\x00Mu\x01\x03z\x00\xc4\x00\x1d\x00\x00\x00\x00#\x02\x88\x9aB\x03\xd0C\x88\x040\x91B\xf7\xd1\x18\x1cpG0\xbf\xfd\xe7\xf4F\x00\xf0\x05\xf8\xa7H\x00!\x01`A`\xe7F\xa5H\x00!\xc9C\x01`A`pG\xca\x9b\r[\xf9\x1d\x00\x00(C) 2020 Raspberry Pi Trading Ltd\x00P3\t\x03R3-\x03L3W\x03T3\x8f\x03MS\xb9&S4\xad&MC\x1d&C4\x05&UB\x91%DT\xa9\x01DE\xaf\x01WVE\x01IF\x91$EX\xe5#REm#RP\xb5#FCQ#CX!#\x00\x00GRP\x00';
1707951251.9818134;b'\x00\x1f\x04 \xeb\x00\x00\x005\x00\x00\x001\x00\x00\x00Mu\x01\x03z\x00\xc4\x00\x1d\x00\x00\x00\x00#\x02\x88\x9aB\x03\xd0C\x88\x040\x91B\xf7\xd1\x18\x1cpG0\xbf\xfd\xe7\xf4F\x00\xf0\x05\xf8\xa7H\x00!\x01`A`\xe7F\xa5H\x00!\xc9C\x01`A`pG\xca\x9b\r[\xf9\x1d\x00\x00(C) 2020 Raspberry Pi Trading Ltd\x00P3\t\x03R3-\x03L3W\x03T3\x8f\x03MS\xb9&S4\xad&MC\x1d&C4\x05&UB\x91%DT\xa9\x01DE\xaf\x01WVE\x01IF\x91$EX\xe5#REm#RP\xb5#FCQ#CX!#\x00\x00GRP\x00';
1707951252.0574834;b'\x00\x1f\x04 \xeb\x00\x00\x005\x00\x00\x001\x00\x00\x00Mu\x01\x03z\x00\xc4\x00\x1d\x00\x00\x00\x00#\x02\x88\x9aB\x03\xd0C\x88\x040\x91B\xf7\xd1\x18\x1cpG0\xbf\xfd\xe7\xf4F\x00\xf0\x05\xf8\xa7H\x00!\x01`A`\xe7F\xa5H\x00!\xc9C\x01`A`pG\xca\x9b\r[\xf9\x1d\x00\x00(C) 2020 Raspberry Pi Trading Ltd\x00P3\t\x03R3-\x03L3W\x03T3\x8f\x03MS\xb9&S4\xad&MC\x1d&C4\x05&UB\x91%DT\xa9\x01DE\xaf\x01WVE\x01IF\x91$EX\xe5#REm#RP\xb5#FCQ#CX!#\x00\x00GRP\x00';
1707951252.1213083;b'\x00\x1f\x04 \xeb\x00\x00\x005\x00\x00\x001\x00\x00\x00Mu\x01\x03z\x00\xc4\x00\x1d\x00\x00\x00\x00#\x02\x88\x9aB\x03\xd0C\x88\x040\x91B\xf7\xd1\x18\x1cpG0\xbf\xfd\xe7\xf4F\x00\xf0\x05\xf8\xa7H\x00!\x01`A`\xe7F\xa5H\x00!\xc9C\x01`A`pG\xca\x9b\r[\xf9\x1d\x00\x00(C) 2020 Raspberry Pi Trading Ltd\x00P3\t\x03R3-\x03L3W\x03T3\x8f\x03MS\xb9&S4\xad&MC\x1d&C4\x05&UB\x91%DT\xa9\x01DE\xaf\x01WVE\x01IF\x91$EX\xe5#REm#RP\xb5#FCQ#CX!#\x00\x00GRP\x00';
1707951252.183056;b'\x00\x1f\x04 \xeb\x00\x00\x005\x00\x00\x001\x00\x00\x00Mu\x01\x03z\x00\xc4\x00\x1d\x00\x00\x00\x00#\x02\x88\x9aB\x03\xd0C\x88\x040\x91B\xf7\xd1\x18\x1cpG0\xbf\xfd\xe7\xf4F\x00\xf0\x05\xf8\xa7H\x00!\x01`A`\xe7F\xa5H\x00!\xc9C\x01`A`pG\xca\x9b\r[\xf9\x1d\x00\x00(C) 2020 Raspberry Pi Trading Ltd\x00P3\t\x03R3-\x03L3W\x03T3\x8f\x03MS\xb9&S4\xad&MC\x1d&C4\x05&UB\x91%DT\xa9\x01DE\xaf\x01WVE\x01IF\x91$EX\xe5#REm#RP\xb5#FCQ#CX!#\x00\x00GRP\x00';
1707951252.2627645;b'\x00\x1f\x04 \xeb\x00\x00\x005\x00\x00\x001\x00\x00\x00Mu\x01\x03z\x00\xc4\x00\x1d\x00\x00\x00\x00#\x02\x88\x9aB\x03\xd0C\x88\x040\x91B\xf7\xd1\x18\x1cpG0\xbf\xfd\xe7\xf4F\x00\xf0\x05\xf8\xa7H\x00!\x01`A`\xe7F\xa5H\x00!\xc9C\x01`A`pG\xca\x9b\r[\xf9\x1d\x00\x00(C) 2020 Raspberry Pi Trading Ltd\x00P3\t\x03R3-\x03L3W\x03T3\x8f\x03MS\xb9&S4\xad&MC\x1d&C4\x05&UB\x91%DT\xa9\x01DE\xaf\x01WVE\x01IF\x91$EX\xe5#REm#RP\xb5#FCQ#CX!#\x00\x00GRP\x00';
1707951252.3179467;b'\x00\x1f\x04 \xeb\x00\x00\x005\x00\x00\x001\x00\x00\x00Mu\x01\x03z\x00\xc4\x00\x1d\x00\x00\x00\x00#\x02\x88\x9aB\x03\xd0C\x88\x040\x91B\xf7\xd1\x18\x1cpG0\xbf\xfd\xe7\xf4F\x00\xf0\x05\xf8\xa7H\x00!\x01`A`\xe7F\xa5H\x00!\xc9C\x01`A`pG\xca\x9b\r[\xf9\x1d\x00\x00(C) 2020 Raspberry Pi Trading Ltd\x00P3\t\x03R3-\x03L3W\x03T3\x8f\x03MS\xb9&S4\xad&MC\x1d&C4\x05&UB\x91%DT\xa9\x01DE\xaf\x01WVE\x01IF\x91$EX\xe5#REm#RP\xb5#FCQ#CX!#\x00\x00GRP\x00';
1707951252.3957381;b'\x00\x1f\x04 \xeb\x00\x00\x005\x00\x00\x001\x00\x00\x00Mu\x01\x03z\x00\xc4\x00\x1d\x00\x00\x00\x00#\x02\x88\x9aB\x03\xd0C\x88\x040\x91B\xf7\xd1\x18\x1cpG0\xbf\xfd\xe7\xf4F\x00\xf0\x05\xf8\xa7H\x00!\x01`A`\xe7F\xa5H\x00!\xc9C\x01`A`pG\xca\x9b\r[\xf9\x1d\x00\x00(C) 2020 Raspberry Pi Trading Ltd\x00P3\t\x03R3-\x03L3W\x03T3\x8f\x03MS\xb9&S4\xad&MC\x1d&C4\x05&UB\x91%DT\xa9\x01DE\xaf\x01WVE\x01IF\x91$EX\xe5#REm#RP\xb5#FCQ#CX!#\x00\x00GRP\x00';
1707951252.4496975;b'\x00\x1f\x04 \xeb\x00\x00\x005\x00\x00\x001\x00\x00\x00Mu\x01\x03z\x00\xc4\x00\x1d\x00\x00\x00\x00#\x02\x88\x9aB\x03\xd0C\x88\x040\x91B\xf7\xd1\x18\x1cpG0\xbf\xfd\xe7\xf4F\x00\xf0\x05\xf8\xa7H\x00!\x01`A`\xe7F\xa5H\x00!\xc9C\x01`A`pG\xca\x9b\r[\xf9\x1d\x00\x00(C) 2020 Raspberry Pi Trading Ltd\x00P3\t\x03R3-\x03L3W\x03T3\x8f\x03MS\xb9&S4\xad&MC\x1d&C4\x05&UB\x91%DT\xa9\x01DE\xaf\x01WVE\x01IF\x91$EX\xe5#REm#RP\xb5#FCQ#CX!#\x00\x00GRP\x00';
1707951252.5127313;b'\x00\x1f\x04 \xeb\x00\x00\x005\x00\x00\x001\x00\x00\x00Mu\x01\x03z\x00\xc4\x00\x1d\x00\x00\x00\x00#\x02\x88\x9aB\x03\xd0C\x88\x040\x91B\xf7\xd1\x18\x1cpG0\xbf\xfd\xe7\xf4F\x00\xf0\x05\xf8\xa7H\x00!\x01`A`\xe7F\xa5H\x00!\xc9C\x01`A`pG\xca\x9b\r[\xf9\x1d\x00\x00(C) 2020 Raspberry Pi Trading Ltd\x00P3\t\x03R3-\x03L3W\x03T3\x8f\x03MS\xb9&S4\xad&MC\x1d&C4\x05&UB\x91%DT\xa9\x01DE\xaf\x01WVE\x01IF\x91$EX\xe5#REm#RP\xb5#FCQ#CX!#\x00\x00GRP\x00';
1707951252.587531;b'\x00\x1f\x04 \xeb\x00\x00\x005\x00\x00\x001\x00\x00\x00Mu\x01\x03z\x00\xc4\x00\x1d\x00\x00\x00\x00#\x02\x88\x9aB\x03\xd0C\x88\x040\x91B\xf7\xd1\x18\x1cpG0\xbf\xfd\xe7\xf4F\x00\xf0\x05\xf8\xa7H\x00!\x01`A`\xe7F\xa5H\x00!\xc9C\x01`A`pG\xca\x9b\r[\xf9\x1d\x00\x00(C) 2020 Raspberry Pi Trading Ltd\x00P3\t\x03R3-\x03L3W\x03T3\x8f\x03MS\xb9&S4\xad&MC\x1d&C4\x05&UB\x91%DT\xa9\x01DE\xaf\x01WVE\x01IF\x91$EX\xe5#REm#RP\xb5#FCQ#CX!#\x00\x00GRP\x00';
1707951252.6307445;b'\x00\x1f\x04 \xeb\x00\x00\x005\x00\x00\x001\x00\x00\x00Mu\x01\x03z\x00\xc4\x00\x1d\x00\x00\x00\x00#\x02\x88\x9aB\x03\xd0C\x88\x040\x91B\xf7\xd1\x18\x1cpG0\xbf\xfd\xe7\xf4F\x00\xf0\x05\xf8\xa7H\x00!\x01`A`\xe7F\xa5H\x00!\xc9C\x01`A`pG\xca\x9b\r[\xf9\x1d\x00\x00(C) 2020 Raspberry Pi Trading Ltd\x00P3\t\x03R3-\x03L3W\x03T3\x8f\x03MS\xb9&S4\xad&MC\x1d&C4\x05&UB\x91%DT\xa9\x01DE\xaf\x01WVE\x01IF\x91$EX\xe5#REm#RP\xb5#FCQ#CX!#\x00\x00GRP\x00';
1707951252.695514;b'\x00\x1f\x04 \xeb\x00\x00\x005\x00\x00\x001\x00\x00\x00Mu\x01\x03z\x00\xc4\x00\x1d\x00\x00\x00\x00#\x02\x88\x9aB\x03\xd0C\x88\x040\x91B\xf7\xd1\x18\x1cpG0\xbf\xfd\xe7\xf4F\x00\xf0\x05\xf8\xa7H\x00!\x01`A`\xe7F\xa5H\x00!\xc9C\x01`A`pG\xca\x9b\r[\xf9\x1d\x00\x00(C) 2020 Raspberry Pi Trading Ltd\x00P3\t\x03R3-\x03L3W\x03T3\x8f\x03MS\xb9&S4\xad&MC\x1d&C4\x05&UB\x91%DT\xa9\x01DE\xaf\x01WVE\x01IF\x91$EX\xe5#REm#RP\xb5#FCQ#CX!#\x00\x00GRP\x00';
1707951252.7563913;b'\x00\x1f\x04 \xeb\x00\x00\x005\x00\x00\x001\x00\x00\x00Mu\x01\x03z\x00\xc4\x00\x1d\x00\x00\x00\x00#\x02\x88\x9aB\x03\xd0C\x88\x040\x91B\xf7\xd1\x18\x1cpG0\xbf\xfd\xe7\xf4F\x00\xf0\x05\xf8\xa7H\x00!\x01`A`\xe7F\xa5H\x00!\xc9C\x01`A`pG\xca\x9b\r[\xf9\x1d\x00\x00(C) 2020 Raspberry Pi Trading Ltd\x00P3\t\x03R3-\x03L3W\x03T3\x8f\x03MS\xb9&S4\xad&MC\x1d&C4\x05&UB\x91%DT\xa9\x01DE\xaf\x01WVE\x01IF\x91$EX\xe5#REm#RP\xb5#FCQ#CX!#\x00\x00GRP\x00';
1709029908.8586385;b'\x00\x00\x00\x00q5\x00\x00\x00\x00\x00\x00\x00\x00\x00\x00\x00\x00\x00\x00\x00\x00\x00\x00\x00\x00\x00\x00\x00\x00\x00\x00\x00\x00\x00\x00\x00\x00\x00\x00\x00\x00\x00\x00\x00\x00\x00\x00\x00\x00\x00\x00\x00\x00\x00\x00\x00\x00\x00\x00\x00\x00\x00\x00\x00\x00\x00\x00\x00\x00\x00\x00\x00\x00\x00\x00\x00\x00\x00\x00\x00\x00\x00\x00\x00\x00\x00\x00\x00\x00\x00\x00\x00\x00\x00\x00\x00\x00\x00\x00\x00\x00\x00\x00\x00\x00\x00\x00\x93%\xbbA\x00\x00\x00\x00\x00\x00\x00\x00First Packet\x00\x00\x00\x00\x00\x00\x00\x00\x00\x00\x00\x00\x00\x00\x00\x00\x00\x00\x00\x00\x00\x00\x00\x00\x00\x00\x00\x00\x00\x00\x00\x00\x00\x00\x00\x00\x00\x00\x00\x00\x00\x00\x00\x00\x00\x00\x00\x00\x00\x00\x00\x00\x00\x00\x00\x00\x00\x00\x00\x00\x00\x00\x00\x00\x00\x00\x00\x00';
1709029909.0443187;b'\x01\x00\x00\x00\xc18\x00\x00\x00\x00\x00\x00\x00\x00\x00\x00\x00\x00\x00\x00\x00\x00\x00\x00\x00\x00\x00\x00\x00\x00\x00\x00\x00\x00\x00\x00\x00\x00\xc8B\x00\x00HC\x00\x00\x00\x00\x00\x00\x00\x00\x00\x00\x00\x00\x00\x00\x00\x00\x00\x00\x00\x00\x00\x00\x00\x00\x00\x00\x00\x00\x00\x00\x00\x00\x00\x00\x00\x00\x00\x00\x00\x00\x00\x00\x00\x00\x00\x00\x00\x00\x00\x00\x00\x00\x00\x00\x00\x00\x00\x00\x00\x00\x00\x00\x00\x00\xd1f\xb7A\x00\x00\x00\x00\x00\x00\x00\x00Dies ist der Test der des structs Packet\x00\x00\x00\x00\x00\x00\x00\x00\x00\x00\x00\x00\x00\x00\x00\x00\x00\x00\x00\x00\x00\x00\x00\x00\x00\x00\x00\x00\x00\x00\x00\x00\x00\x00\x00\x00\x00\x00\x00\x00';
1709029909.2626615;b'\x02\x00\x00\x00z9\x00\x00\x00\x00\x00\x00\x00\x00\x00\x00\x00\x00\x00\x00\x00\x00\x00\x00\x00\x00\x00\x00\x00\x00\x00\x00\x00\x00\x00\x00\x00\x00\xc8B\x00\x00HC\x00\x00\x00\x00\x00\x00\x00\x00\x00\x00\x00\x00\x00\x00\x00\x00\x00\x00\x00\x00\x00\x00\x00\x00\x00\x00\x00\x00\x00\x00\x00\x00\x00\x00\x00\x00\x00\x00\x00\x00\x00\x00\x00\x00\x00\x00\x00\x00\x00\x00\x00\x00\x00\x00\x00\x00\x00\x00\x00\x00\x00\x00\x00\x00\x93%\xbbA\x00\x00\x00\x00\x00\x00\x00\x00Dies ist der Test der des structs Packet\x00\x00\x00\x00\x00\x00\x00\x00\x00\x00\x00\x00\x00\x00\x00\x00\x00\x00\x00\x00\x00\x00\x00\x00\x00\x00\x00\x00\x00\x00\x00\x00\x00\x00\x00\x00\x00\x00\x00\x00';
1709029909.4386652;b'\x03\x00\x00\x00T:\x00\x00\x00\x00\x00\x00\x00\x00\x00\x00\x00\x00\x00\x00\x00\x00\x00\x00\x00\x00\x00\x00\x00\x00\x00\x00\x00\x00\x00\x00\x00\x00\xc8B\x00\x00HC\x00\x00\x00\x00\x00\x00\x00\x00\x00\x00\x00\x00\x00\x00\x00\x00\x00\x00\x00\x00\x00\x00\x00\x00\x00\x00\x00\x00\x00\x00\x00\x00\x00\x00\x00\x00\x00\x00\x00\x00\x00\x00\x00\x00\x00\x00\x00\x00\x00\x00\x00\x00\x00\x00\x00\x00\x00\x00\x00\x00\x00\x00\x00\x00\x93%\xbbA\x00\x00\x00\x00\x00\x00\x00\x00Dies ist der Test der des structs Packet\x00\x00\x00\x00\x00\x00\x00\x00\x00\x00\x00\x00\x00\x00\x00\x00\x00\x00\x00\x00\x00\x00\x00\x00\x00\x00\x00\x00\x00\x00\x00\x00\x00\x00\x00\x00\x00\x00\x00\x00';
1709029909.643602;b'\x04\x00\x00\x00\x05;\x00\x00\x00\x00\x00\x00\x00\x00\x00\x00\x00\x00\x00\x00\x00\x00\x00\x00\x00\x00\x00\x00\x00\x00\x00\x00\x00\x00\x00\x00\x00\x00\xc8B\x00\x00HC\x00\x00\x00\x00\x00\x00\x00\x00\x00\x00\x00\x00\x00\x00\x00\x00\x00\x00\x00\x00\x00\x00\x00\x00\x00\x00\x00\x00\x00\x00\x00\x00\x00\x00\x00\x00\x00\x00\x00\x00\x00\x00\x00\x00\x00\x00\x00\x00\x00\x00\x00\x00\x00\x00\x00\x00\x00\x00\x00\x00\x00\x00\x00\x00\x93%\xbbA\x00\x00\x00\x00\x00\x00\x00\x00Dies ist der Test der des structs Packet\x00\x00\x00\x00\x00\x00\x00\x00\x00\x00\x00\x00\x00\x00\x00\x00\x00\x00\x00\x00\x00\x00\x00\x00\x00\x00\x00\x00\x00\x00\x00\x00\x00\x00\x00\x00\x00\x00\x00\x00';
1709029909.8767319;b'\x05\x00\x00\x00\xd2;\x00\x00\x00\x00\x00\x00\x00\x00\x00\x00\x00\x00\x00\x00\x00\x00\x00\x00\x00\x00\x00\x00\x00\x00\x00\x00\x00\x00\x00\x00\x00\x00\xc8B\x00\x00HC\x00\x00\x00\x00\x00\x00\x00\x00\x00\x00\x00\x00\x00\x00\x00\x00\x00\x00\x00\x00\x00\x00\x00\x00\x00\x00\x00\x00\x00\x00\x00\x00\x00\x00\x00\x00\x00\x00\x00\x00\x00\x00\x00\x00\x00\x00\x00\x00\x00\x00\x00\x00\x00\x00\x00\x00\x00\x00\x00\x00\x00\x00\x00\x00\x93%\xbbA\x00\x00\x00\x00\x00\x00\x00\x00Dies ist der Test der des structs Packet\x00\x00\x00\x00\x00\x00\x00\x00\x00\x00\x00\x00\x00\x00\x00\x00\x00\x00\x00\x00\x00\x00\x00\x00\x00\x00\x00\x00\x00\x00\x00\x00\x00\x00\x00\x00\x00\x00\x00\x00';
1709029910.1075659;b'\x06\x00\x00\x00\xbb<\x00\x00\x00\x00\x00\x00\x00\x00\x00\x00\x00\x00\x00\x00\x00\x00\x00\x00\x00\x00\x00\x00\x00\x00\x00\x00\x00\x00\x00\x00\x00\x00\xc8B\x00\x00HC\x00\x00\x00\x00\x00\x00\x00\x00\x00\x00\x00\x00\x00\x00\x00\x00\x00\x00\x00\x00\x00\x00\x00\x00\x00\x00\x00\x00\x00\x00\x00\x00\x00\x00\x00\x00\x00\x00\x00\x00\x00\x00\x00\x00\x00\x00\x00\x00\x00\x00\x00\x00\x00\x00\x00\x00\x00\x00\x00\x00\x00\x00\x00\x00\xd1f\xb7A\x00\x00\x00\x00\x00\x00\x00\x00Dies ist der Test der des structs Packet\x00\x00\x00\x00\x00\x00\x00\x00\x00\x00\x00\x00\x00\x00\x00\x00\x00\x00\x00\x00\x00\x00\x00\x00\x00\x00\x00\x00\x00\x00\x00\x00\x00\x00\x00\x00\x00\x00\x00\x00';
1709029910.2594235;b'\x07\x00\x00\x00\xa2=\x00\x00\x00\x00\x00\x00\x00\x00\x00\x00\x00\x00\x00\x00\x00\x00\x00\x00\x00\x00\x00\x00\x00\x00\x00\x00\x00\x00\x00\x00\x00\x00\xc8B\x00\x00HC\x00\x00\x00\x00\x00\x00\x00\x00\x00\x00\x00\x00\x00\x00\x00\x00\x00\x00\x00\x00\x00\x00\x00\x00\x00\x00\x00\x00\x00\x00\x00\x00\x00\x00\x00\x00\x00\x00\x00\x00\x00\x00\x00\x00\x00\x00\x00\x00\x00\x00\x00\x00\x00\x00\x00\x00\x00\x00\x00\x00\x00\x00\x00\x00\x93%\xbbA\x00\x00\x00\x00\x00\x00\x00\x00Dies ist der Test der des structs Packet\x00\x00\x00\x00\x00\x00\x00\x00\x00\x00\x00\x00\x00\x00\x00\x00\x00\x00\x00\x00\x00\x00\x00\x00\x00\x00\x00\x00\x00\x00\x00\x00\x00\x00\x00\x00\x00\x00\x00\x00';
1709029910.465088;b'\x08\x00\x00\x00:>\x00\x00\x00\x00\x00\x00\x00\x00\x00\x00\x00\x00\x00\x00\x00\x00\x00\x00\x00\x00\x00\x00\x00\x00\x00\x00\x00\x00\x00\x00\x00\x00\xc8B\x00\x00HC\x00\x00\x00\x00\x00\x00\x00\x00\x00\x00\x00\x00\x00\x00\x00\x00\x00\x00\x00\x00\x00\x00\x00\x00\x00\x00\x00\x00\x00\x00\x00\x00\x00\x00\x00\x00\x00\x00\x00\x00\x00\x00\x00\x00\x00\x00\x00\x00\x00\x00\x00\x00\x00\x00\x00\x00\x00\x00\x00\x00\x00\x00\x00\x00\x93%\xbbA\x00\x00\x00\x00\x00\x00\x00\x00Dies ist der Test der des structs Packet\x00\x00\x00\x00\x00\x00\x00\x00\x00\x00\x00\x00\x00\x00\x00\x00\x00\x00\x00\x00\x00\x00\x00\x00\x00\x00\x00\x00\x00\x00\x00\x00\x00\x00\x00\x00\x00\x00\x00\x00';
1709029910.6765292;b'\t\x00\x00\x00\x07?\x00\x00\x00\x00\x00\x00\x00\x00\x00\x00\x00\x00\x00\x00\x00\x00\x00\x00\x00\x00\x00\x00\x00\x00\x00\x00\x00\x00\x00\x00\x00\x00\xc8B\x00\x00HC\x00\x00\x00\x00\x00\x00\x00\x00\x00\x00\x00\x00\x00\x00\x00\x00\x00\x00\x00\x00\x00\x00\x00\x00\x00\x00\x00\x00\x00\x00\x00\x00\x00\x00\x00\x00\x00\x00\x00\x00\x00\x00\x00\x00\x00\x00\x00\x00\x00\x00\x00\x00\x00\x00\x00\x00\x00\x00\x00\x00\x00\x00\x00\x00\xd1f\xb7A\x00\x00\x00\x00\x00\x00\x00\x00Dies ist der Test der des structs Packet\x00\x00\x00\x00\x00\x00\x00\x00\x00\x00\x00\x00\x00\x00\x00\x00\x00\x00\x00\x00\x00\x00\x00\x00\x00\x00\x00\x00\x00\x00\x00\x00\x00\x00\x00\x00\x00\x00\x00\x00';
1709029910.8910336;b'\n\x00\x00\x00\xda?\x00\x00\x00\x00\x00\x00\x00\x00\x00\x00\x00\x00\x00\x00\x00\x00\x00\x00\x00\x00\x00\x00\x00\x00\x00\x00\x00\x00\x00\x00\x00\x00\xc8B\x00\x00HC\x00\x00\x00\x00\x00\x00\x00\x00\x00\x00\x00\x00\x00\x00\x00\x00\x00\x00\x00\x00\x00\x00\x00\x00\x00\x00\x00\x00\x00\x00\x00\x00\x00\x00\x00\x00\x00\x00\x00\x00\x00\x00\x00\x00\x00\x00\x00\x00\x00\x00\x00\x00\x00\x00\x00\x00\x00\x00\x00\x00\x00\x00\x00\x00\xd1f\xb7A\x00\x00\x00\x00\x00\x00\x00\x00Dies ist der Test der des structs Packet\x00\x00\x00\x00\x00\x00\x00\x00\x00\x00\x00\x00\x00\x00\x00\x00\x00\x00\x00\x00\x00\x00\x00\x00\x00\x00\x00\x00\x00\x00\x00\x00\x00\x00\x00\x00\x00\x00\x00\x00';
1709029911.290645;b'\x0b\x00\x00\x00\xb1@\x00\x00\x00\x00\x00\x00\x00\x00\x00\x00\x00\x00\x00\x00\x00\x00\x00\x00\x00\x00\x00\x00\x00\x00\x00\x00\x00\x00\x00\x00\x00\x00\xc8B\x00\x00HC\x00\x00\x00\x00\x00\x00\x00\x00\x00\x00\x00\x00\x00\x00\x00\x00\x00\x00\x00\x00\x00\x00\x00\x00\x00\x00\x00\x00\x00\x00\x00\x00\x00\x00\x00\x00\x00\x00\x00\x00\x00\x00\x00\x00\x00\x00\x00\x00\x00\x00\x00\x00\x00\x00\x00\x00\x00\x00\x00\x00\x00\x00\x00\x00\x93%\xbbA\x00\x00\x00\x00\x00\x00\x00\x00Dies ist der Test der des structs Packet\x00\x00\x00\x00\x00\x00\x00\x00\x00\x00\x00\x00\x00\x00\x00\x00\x00\x00\x00\x00\x00\x00\x00\x00\x00\x00\x00\x00\x00\x00\x00\x00\x00\x00\x00\x00\x00\x00\x00\x00';
1709029912.3073046;b'\x0c\x00\x00\x00@B\x00\x00\x00\x00\x00\x00\x00\x00\x00\x00\x00\x00\x00\x00\x00\x00\x00\x00\x00\x00\x00\x00\x00\x00\x00\x00\x00\x00\x00\x00\x00\x00\xc8B\x00\x00HC\x00\x00\x00\x00\x00\x00\x00\x00\x00\x00\x00\x00\x00\x00\x00\x00\x00\x00\x00\x00\x00\x00\x00\x00\x00\x00\x00\x00\x00\x00\x00\x00\x00\x00\x00\x00\x00\x00\x00\x00\x00\x00\x00\x00\x00\x00\x00\x00\x00\x00\x00\x00\x00\x00\x00\x00\x00\x00\x00\x00\x00\x00\x00\x00\x93%\xbbA\x00\x00\x00\x00\x00\x00\x00\x00Dies ist der Test der des structs Packet\x00\x00\x00\x00\x00\x00\x00\x00\x00\x00\x00\x00\x00\x00\x00\x00\x00\x00\x00\x00\x00\x00\x00\x00\x00\x00\x00\x00\x00\x00\x00\x00\x00\x00\x00\x00\x00\x00\x00\x00';
1709029912.9364362;b'\r\x00\x00\x009F\x00\x00\x00\x00\x00\x00\x00\x00\x00\x00\x00\x00\x00\x00\x00\x00\x00\x00\x00\x00\x00\x00\x00\x00\x00\x00\x00\x00\x00\x00\x00\x00\xc8B\x00\x00HC\x00\x00\x00\x00\x00\x00\x00\x00\x00\x00\x00\x00\x00\x00\x00\x00\x00\x00\x00\x00\x00\x00\x00\x00\x00\x00\x00\x00\x00\x00\x00\x00\x00\x00\x00\x00\x00\x00\x00\x00\x00\x00\x00\x00\x00\x00\x00\x00\x00\x00\x00\x00\x00\x00\x00\x00\x00\x00\x00\x00\x00\x00\x00\x00\x93%\xbbA\x00\x00\x00\x00\x00\x00\x00\x00Dies ist der Test der des structs Packet\x00\x00\x00\x00\x00\x00\x00\x00\x00\x00\x00\x00\x00\x00\x00\x00\x00\x00\x00\x00\x00\x00\x00\x00\x00\x00\x00\x00\x00\x00\x00\x00\x00\x00\x00\x00\x00\x00\x00\x00';
1709029913.1279838;b'\x0e\x00\x00\x00\xaeH\x00\x00\x00\x00\x00\x00\x00\x00\x00\x00\x00\x00\x00\x00\x00\x00\x00\x00\x00\x00\x00\x00\x00\x00\x00\x00\x00\x00\x00\x00\x00\x00\xc8B\x00\x00HC\x00\x00\x00\x00\x00\x00\x00\x00\x00\x00\x00\x00\x00\x00\x00\x00\x00\x00\x00\x00\x00\x00\x00\x00\x00\x00\x00\x00\x00\x00\x00\x00\x00\x00\x00\x00\x00\x00\x00\x00\x00\x00\x00\x00\x00\x00\x00\x00\x00\x00\x00\x00\x00\x00\x00\x00\x00\x00\x00\x00\x00\x00\x00\x00\x93%\xbbA\x00\x00\x00\x00\x00\x00\x00\x00Dies ist der Test der des structs Packet\x00\x00\x00\x00\x00\x00\x00\x00\x00\x00\x00\x00\x00\x00\x00\x00\x00\x00\x00\x00\x00\x00\x00\x00\x00\x00\x00\x00\x00\x00\x00\x00\x00\x00\x00\x00\x00\x00\x00\x00';
1709029913.3307588;b'\x0f\x00\x00\x00nI\x00\x00\x00\x00\x00\x00\x00\x00\x00\x00\x00\x00\x00\x00\x00\x00\x00\x00\x00\x00\x00\x00\x00\x00\x00\x00\x00\x00\x00\x00\x00\x00\xc8B\x00\x00HC\x00\x00\x00\x00\x00\x00\x00\x00\x00\x00\x00\x00\x00\x00\x00\x00\x00\x00\x00\x00\x00\x00\x00\x00\x00\x00\x00\x00\x00\x00\x00\x00\x00\x00\x00\x00\x00\x00\x00\x00\x00\x00\x00\x00\x00\x00\x00\x00\x00\x00\x00\x00\x00\x00\x00\x00\x00\x00\x00\x00\x00\x00\x00\x00\xd1f\xb7A\x00\x00\x00\x00\x00\x00\x00\x00Dies ist der Test der des structs Packet\x00\x00\x00\x00\x00\x00\x00\x00\x00\x00\x00\x00\x00\x00\x00\x00\x00\x00\x00\x00\x00\x00\x00\x00\x00\x00\x00\x00\x00\x00\x00\x00\x00\x00\x00\x00\x00\x00\x00\x00';
1709029913.5604968;b'\x10\x00\x00\x009J\x00\x00\x00\x00\x00\x00\x00\x00\x00\x00\x00\x00\x00\x00\x00\x00\x00\x00\x00\x00\x00\x00\x00\x00\x00\x00\x00\x00\x00\x00\x00\x00\xc8B\x00\x00HC\x00\x00\x00\x00\x00\x00\x00\x00\x00\x00\x00\x00\x00\x00\x00\x00\x00\x00\x00\x00\x00\x00\x00\x00\x00\x00\x00\x00\x00\x00\x00\x00\x00\x00\x00\x00\x00\x00\x00\x00\x00\x00\x00\x00\x00\x00\x00\x00\x00\x00\x00\x00\x00\x00\x00\x00\x00\x00\x00\x00\x00\x00\x00\x00\x93%\xbbA\x00\x00\x00\x00\x00\x00\x00\x00Dies ist der Test der des structs Packet\x00\x00\x00\x00\x00\x00\x00\x00\x00\x00\x00\x00\x00\x00\x00\x00\x00\x00\x00\x00\x00\x00\x00\x00\x00\x00\x00\x00\x00\x00\x00\x00\x00\x00\x00\x00\x00\x00\x00\x00';
1709029913.7447863;b'\x11\x00\x00\x00\x1eK\x00\x00\x00\x00\x00\x00\x00\x00\x00\x00\x00\x00\x00\x00\x00\x00\x00\x00\x00\x00\x00\x00\x00\x00\x00\x00\x00\x00\x00\x00\x00\x00\xc8B\x00\x00HC\x00\x00\x00\x00\x00\x00\x00\x00\x00\x00\x00\x00\x00\x00\x00\x00\x00\x00\x00\x00\x00\x00\x00\x00\x00\x00\x00\x00\x00\x00\x00\x00\x00\x00\x00\x00\x00\x00\x00\x00\x00\x00\x00\x00\x00\x00\x00\x00\x00\x00\x00\x00\x00\x00\x00\x00\x00\x00\x00\x00\x00\x00\x00\x00\x93%\xbbA\x00\x00\x00\x00\x00\x00\x00\x00Dies ist der Test der des structs Packet\x00\x00\x00\x00\x00\x00\x00\x00\x00\x00\x00\x00\x00\x00\x00\x00\x00\x00\x00\x00\x00\x00\x00\x00\x00\x00\x00\x00\x00\x00\x00\x00\x00\x00\x00\x00\x00\x00\x00\x00';
1709029913.9700403;b'\x12\x00\x00\x00\xd7K\x00\x00\x00\x00\x00\x00\x00\x00\x00\x00\x00\x00\x00\x00\x00\x00\x00\x00\x00\x00\x00\x00\x00\x00\x00\x00\x00\x00\x00\x00\x00\x00\xc8B\x00\x00HC\x00\x00\x00\x00\x00\x00\x00\x00\x00\x00\x00\x00\x00\x00\x00\x00\x00\x00\x00\x00\x00\x00\x00\x00\x00\x00\x00\x00\x00\x00\x00\x00\x00\x00\x00\x00\x00\x00\x00\x00\x00\x00\x00\x00\x00\x00\x00\x00\x00\x00\x00\x00\x00\x00\x00\x00\x00\x00\x00\x00\x00\x00\x00\x00\x93%\xbbA\x00\x00\x00\x00\x00\x00\x00\x00Dies ist der Test der des structs Packet\x00\x00\x00\x00\x00\x00\x00\x00\x00\x00\x00\x00\x00\x00\x00\x00\x00\x00\x00\x00\x00\x00\x00\x00\x00\x00\x00\x00\x00\x00\x00\x00\x00\x00\x00\x00\x00\x00\x00\x00';
1709029914.1583588;b'\x13\x00\x00\x00\xb8L\x00\x00\x00\x00\x00\x00\x00\x00\x00\x00\x00\x00\x00\x00\x00\x00\x00\x00\x00\x00\x00\x00\x00\x00\x00\x00\x00\x00\x00\x00\x00\x00\xc8B\x00\x00HC\x00\x00\x00\x00\x00\x00\x00\x00\x00\x00\x00\x00\x00\x00\x00\x00\x00\x00\x00\x00\x00\x00\x00\x00\x00\x00\x00\x00\x00\x00\x00\x00\x00\x00\x00\x00\x00\x00\x00\x00\x00\x00\x00\x00\x00\x00\x00\x00\x00\x00\x00\x00\x00\x00\x00\x00\x00\x00\x00\x00\x00\x00\x00\x00\x93%\xbbA\x00\x00\x00\x00\x00\x00\x00\x00Dies ist der Test der des structs Packet\x00\x00\x00\x00\x00\x00\x00\x00\x00\x00\x00\x00\x00\x00\x00\x00\x00\x00\x00\x00\x00\x00\x00\x00\x00\x00\x00\x00\x00\x00\x00\x00\x00\x00\x00\x00\x00\x00\x00\x00';
1709029914.4533002;b'\x14\x00\x00\x00tM\x00\x00\x00\x00\x00\x00\x00\x00\x00\x00\x00\x00\x00\x00\x00\x00\x00\x00\x00\x00\x00\x00\x00\x00\x00\x00\x00\x00\x00\x00\x00\x00\xc8B\x00\x00HC\x00\x00\x00\x00\x00\x00\x00\x00\x00\x00\x00\x00\x00\x00\x00\x00\x00\x00\x00\x00\x00\x00\x00\x00\x00\x00\x00\x00\x00\x00\x00\x00\x00\x00\x00\x00\x00\x00\x00\x00\x00\x00\x00\x00\x00\x00\x00\x00\x00\x00\x00\x00\x00\x00\x00\x00\x00\x00\x00\x00\x00\x00\x00\x00\x93%\xbbA\x00\x00\x00\x00\x00\x00\x00\x00Dies ist der Test der des structs Packet\x00\x00\x00\x00\x00\x00\x00\x00\x00\x00\x00\x00\x00\x00\x00\x00\x00\x00\x00\x00\x00\x00\x00\x00\x00\x00\x00\x00\x00\x00\x00\x00\x00\x00\x00\x00\x00\x00\x00\x00';
